<?xml version="1.0"?>
<assembly xmlns="http://maven.apache.org/plugins/maven-assembly-plugin/assembly/1.1.2" 
          xmlns:xsi="http://www.w3.org/2001/XMLSchema-instance"
          xsi:schemaLocation="http://maven.apache.org/plugins/maven-assembly-plugin/assembly/1.1.2 http://maven.apache.org/xsd/assembly-1.1.2.xsd">

  <id>dist</id>
  
  <formats>
    <format>zip</format>
  </formats>
  
  <fileSets>
    <fileSet>
      <directory>${basedir}/target/</directory>
      <outputDirectory>/</outputDirectory>
      <includes>
        <include>${project.build.finalName}.war</include>
      </includes>
    </fileSet>
    <fileSet>
      <directory>${basedir}/</directory>
      <outputDirectory>/</outputDirectory>
      <includes>
        <include>LICENSE.txt</include>
        <include>README.markdown</include>
        <include>NOTICE.txt</include>
      </includes>
    </fileSet>
  </fileSets>
  
</assembly>
