<?xml version="1.0" encoding="UTF-8"?>
<beans xmlns="http://www.springframework.org/schema/beans"
       xmlns:xsi="http://www.w3.org/2001/XMLSchema-instance"
       xmlns:mvc="http://www.springframework.org/schema/mvc"
       xmlns:context="http://www.springframework.org/schema/context"
       xsi:schemaLocation="http://www.springframework.org/schema/mvc
                           http://www.springframework.org/schema/mvc/spring-mvc-3.1.xsd
                           http://www.springframework.org/schema/beans
                           http://www.springframework.org/schema/beans/spring-beans-3.1.xsd
                           http://www.springframework.org/schema/context
                           http://www.springframework.org/schema/context/spring-context-3.1.xsd">
        
    <!-- Use spring servlet for all requests, including static resources -->
    <mvc:default-servlet-handler />
    
    <!-- Use @MVC annotations -->
    <mvc:annotation-driven conversion-service="conversionService"/>
    
    <!-- User @Controller, @Service... annotations -->
    <context:component-scan base-package="org.thymeleaf" />
    
    <!-- Message internalization -->
    <bean id="messageSource" class="org.springframework.context.support.ResourceBundleMessageSource">
        <property name="basename" value="messages" />
    </bean>
    
    <bean id="localeResolver" class="org.springframework.web.servlet.i18n.SessionLocaleResolver" />
    
    <mvc:interceptors>
        <bean class="org.springframework.web.servlet.i18n.LocaleChangeInterceptor" />
    </mvc:interceptors>
    
    <!-- Thymeleaf configuration -->
    <bean id="templateResolver" class="org.thymeleaf.templateresolver.ServletContextTemplateResolver">
        <property name="cacheable" value="false" />
        <property name="prefix" value="/WEB-INF/templates/" />
        <property name="templateMode" value="HTML5" />
        <property name="characterEncoding" value="UTF-8" />
    </bean>
    
    <!-- Template engine -->
    <bean id="templateEngine" class="org.thymeleaf.spring3.SpringTemplateEngine">
        <property name="templateResolver" ref="templateResolver" />
    </bean>
    
    <!-- View resolver -->
    <bean id="viewResolver" class="org.thymeleaf.spring3.view.ThymeleafViewResolver">
        <property name="templateEngine" ref="templateEngine" />
        <property name="characterEncoding" value="UTF-8" />
    </bean>
    
    <!-- Conversion service -->
    <bean id="conversionService" class="org.springframework.format.support.FormattingConversionServiceFactoryBean">
        <property name="formatters">
            <set>
                <bean class="org.thymeleaf.itutorial.beans.AmountFormatter"/>
                <bean class="org.thymeleaf.itutorial.beans.TimestampFormatter"/>
            </set>
        </property>
    </bean>
</beans>
